<?xml version="1.0" encoding="utf-8"?>
<repository>
<game>
<title>Protocolo de Incendios</title>
<imageIcon>http://eadventure-android.googlecode.com/files/ProtocoloDeIncendiosIcon.png</imageIcon>
<image>http://eadventure-android.googlecode.com/files/ProtocoloDeIncendiosImage.png</image>
<description>Este juego fue creado con el objetivo de enseñar a futuros jugadores las características del protocolo de evacuación para casos de incendio de la Facultad de Informática de la universidad Complutense de Madrid. Utiliza perfiles de adaptación para mejorar la experiencia educativa.</description>
<url>http://eadventure-android.googlecode.com/files/ProtocoloDeIncendios.ead</url>
</game>
<game>
<title>Juego del Hematocrito</title>
<imageIcon>http://eadventure-android.googlecode.com/files/HematocritoIcon.png</imageIcon>
<image>http://eadventure-android.googlecode.com/files/HematocritoImage.png</image>
<description>Este juego fue creado en colaboración con la Facultad de Medicina de la Universidad Complutense de Madrid. Este juego en primera persona simula el proceso de determinación del valor Hematocrito (HCT) en una muestra de sangre, una de las prácticas de laboratorio que deben realizar todos los alumnos de la asignatura de Fisiología humana en el segundo curso de medicina. El juego se ha utilizado durante los cursos 2008/09 y 2009/10 como material complementario a la práctica real del laboratorio para que los más de 400 alumnos que participan en este módulo anualmente puedan mejorar su formación. </description>
<url>http://eadventure-android.googlecode.com/files/Hematocrito.ead</url>
</game>
<game>
<title>1492</title>
<imageIcon>http://eadventure-android.googlecode.com/files/1492Icon.png</imageIcon>
<image>http://eadventure-android.googlecode.com/files/1492Image.png</image>
<description>En este juego nos meteremos dentro de la piel de Cristobalín, un joven y vago estudiante que necesita aprobar su próximo exámen de historia para evitar un castigo de su profesor Pablo. Este juego usa un enfoque humorístico para alcanzar un objetivo: Cristobalín tiene que aprobar el exámen, y los usuarios de e-Adventure tienen que aprender nuevo material educativo sobre la conquista de Granada. La evaluación del conocimiento adquirido se basa en un mecanismo de pregunta-respuesta.</description>
<url>http://eadventure-android.googlecode.com/files/1492.ead</url>
</game>
<game>
<title>Paniel and the Chocolate-based sauce adventure</title>
<imageIcon>http://eadventure-android.googlecode.com/files/ChocolateIcon.png</imageIcon>
<image>http://eadventure-android.googlecode.com/files/ChocolateImage.png</image>
<description>Una versión actualizada de la aventura del chocolate, en la que se usa un estilo de interfaz contextual, efectos Z-Plane, gráficos mejorados y música de fondo. Requiere una versión actualizada del motor e-Adventure (0.0b y superior). NOTA IMPORTANTE : Este juego fue diseñado como prueba de concepto de la plataforma. No es un juego comercial y emplea algunos recursos que han sido registrados, por LucasArts™ , en lo que creemos que es una justa demostración de uso. </description>
<url>http://eadventure-android.googlecode.com/files/Chocolate.ead</url>
</game>
</repository>